UID,채무 불이행 확률
TEST_0000,0.9515644323826922
TEST_0001,0.8198842372960327
TEST_0002,0.8329137935033953
TEST_0003,0.8416581599264041
TEST_0004,0.9073183235225953
TEST_0005,0.8585761789338274
TEST_0006,0.7802808411042162
TEST_0007,0.9445154831518459
TEST_0008,0.3731749760771025
TEST_0009,0.827777664977862
TEST_0010,0.8329137935033953
TEST_0011,0.7857657069952724
TEST_0012,0.8873106383873631
TEST_0013,0.8008993266786896
TEST_0014,0.8428553969304551
TEST_0015,0.889210835496898
TEST_0016,0.8325413014981435
TEST_0017,0.8807448977283862
TEST_0018,0.9149661257463906
TEST_0019,0.885223117878494
TEST_0020,0.8387420206357712
TEST_0021,0.8976774181481477
TEST_0022,0.8754836799726728
TEST_0023,0.9008577084664448
TEST_0024,0.8461801567740888
TEST_0025,0.8468171441053093
TEST_0026,0.8185738539618277
TEST_0027,0.882692470438173
TEST_0028,0.8130173193804009
TEST_0029,0.8475284816660372
TEST_0030,0.8739883717819776
TEST_0031,0.853004228636554
TEST_0032,0.8171978937463937
TEST_0033,0.8986520523722223
TEST_0034,0.8387420206357712
TEST_0035,0.8730138647226127
TEST_0036,0.7445160508919728
TEST_0037,0.7663107328604337
TEST_0038,0.8587897673545586
TEST_0039,0.8463375429409141
TEST_0040,0.8094175320275275
TEST_0041,0.839330624505261
TEST_0042,0.9078349441713245
TEST_0043,0.889299028318056
TEST_0044,0.8508743476945346
TEST_0045,0.876830855167822
TEST_0046,0.8813148518942072
TEST_0047,0.8708079827842903
TEST_0048,0.7992326510348001
TEST_0049,0.8263088333557721
TEST_0050,0.8553977655722262
TEST_0051,0.8843164542036898
TEST_0052,0.831274431245444
TEST_0053,0.8892708450655211
TEST_0054,0.8982089403052341
TEST_0055,0.8342780362627358
TEST_0056,0.9058590361966468
TEST_0057,0.9100398868664581
TEST_0058,0.7886402667073515
TEST_0059,0.8238181366777731
TEST_0060,0.7986837918932225
TEST_0061,0.8370630831067625
TEST_0062,0.8099167184426563
TEST_0063,0.8238181366777731
TEST_0064,0.8427267517975348
TEST_0065,0.8303509063317087
TEST_0066,0.8813148518942072
TEST_0067,0.8800405469248345
TEST_0068,0.8709132283950028
TEST_0069,0.848451914841395
TEST_0070,0.9056534127825745
TEST_0071,0.8242597967355902
TEST_0072,0.8186054307712632
TEST_0073,0.8759227560863216
TEST_0074,0.8842598597615183
TEST_0075,0.8629572354752485
TEST_0076,0.9241852405896083
TEST_0077,0.9028948036806892
TEST_0078,0.9163319352868661
TEST_0079,0.8840934044402892
TEST_0080,0.8356781594363935
TEST_0081,0.8430285542856193
TEST_0082,0.8607238403261974
TEST_0083,0.9545596140479218
TEST_0084,0.9329883826786671
TEST_0085,0.8206760927753556
TEST_0086,0.9300635927301071
TEST_0087,0.7857657069952724
TEST_0088,0.8753460985421129
TEST_0089,0.8185738539618277
TEST_0090,0.8927288717182678
TEST_0091,0.9318755910794114
TEST_0092,0.9202310782064131
TEST_0093,0.8592589063173577
TEST_0094,0.8938580055821301
TEST_0095,0.9027944185896808
TEST_0096,0.8356102821971213
TEST_0097,0.9161390290987614
TEST_0098,0.8603076556523835
TEST_0099,0.8571589435983547
TEST_0100,0.8750517799056765
TEST_0101,0.8873106383873631
TEST_0102,0.8627935000254758
TEST_0103,0.8911818367019534
TEST_0104,0.8217160385541673
TEST_0105,0.8303954198529649
TEST_0106,0.8242878351713403
TEST_0107,0.8216818503936032
TEST_0108,0.8300201801029846
TEST_0109,0.889210835496898
TEST_0110,0.8339911743828984
TEST_0111,0.867970132999349
TEST_0112,0.9345362732537759
TEST_0113,0.8937864462027924
TEST_0114,0.8153916026958135
TEST_0115,0.811291596447314
TEST_0116,0.7713745880291121
TEST_0117,0.8997989419257706
TEST_0118,0.8537019223619989
TEST_0119,0.918579381683565
TEST_0120,0.8808811839173908
TEST_0121,0.8238181366777731
TEST_0122,0.8788510707923984
TEST_0123,0.851401546575944
TEST_0124,0.8768697890394148
TEST_0125,0.90292909544704
TEST_0126,0.889210835496898
TEST_0127,0.9313706201334232
TEST_0128,0.8936283942842281
TEST_0129,0.8802169931852866
TEST_0130,0.9003825602312308
TEST_0131,0.8761341763196122
TEST_0132,0.8080331358471694
TEST_0133,0.8143591428001387
TEST_0134,0.8336935760470509
TEST_0135,0.9035065344143601
TEST_0136,0.7856075583867794
TEST_0137,0.8072504341072498
TEST_0138,0.8106620284448062
TEST_0139,0.8295685907624393
TEST_0140,0.7896907385853142
TEST_0141,0.8908720959658883
TEST_0142,0.8363723248893795
TEST_0143,0.8721431170614729
TEST_0144,0.9003825602312308
TEST_0145,0.8760492217851686
TEST_0146,0.891175117446056
TEST_0147,0.857475200762263
TEST_0148,0.8401751391678848
TEST_0149,0.8599802007179866
TEST_0150,0.8796317760682604
TEST_0151,0.8585761789338274
TEST_0152,0.8277962754721658
TEST_0153,0.8792821417883233
TEST_0154,0.8710041973316036
TEST_0155,0.9270196971558684
TEST_0156,0.8248703753031443
TEST_0157,0.8573319672087976
TEST_0158,0.9018131579999374
TEST_0159,0.8607511188661237
TEST_0160,0.7957841333812546
TEST_0161,0.8622715747611646
TEST_0162,0.8873106383873631
TEST_0163,0.8561529118431972
TEST_0164,0.8841688468457132
TEST_0165,0.8395546980503139
TEST_0166,0.8620652392140942
TEST_0167,0.9048771295451139
TEST_0168,0.842306544107549
TEST_0169,0.9089651110823658
TEST_0170,0.812930236628745
TEST_0171,0.8674928996929813
TEST_0172,0.9073183235225953
TEST_0173,0.8841688468457132
TEST_0174,0.9495936715992941
TEST_0175,0.8427975038882258
TEST_0176,0.9170755781655504
TEST_0177,0.8363401925336836
TEST_0178,0.7993161930270868
TEST_0179,0.8599802007179866
TEST_0180,0.8297994344379919
TEST_0181,0.9168653747550388
TEST_0182,0.9286155936881343
TEST_0183,0.9086911612096207
TEST_0184,0.9605456544013178
TEST_0185,0.8709132283950028
TEST_0186,0.8997989419257706
TEST_0187,0.8495166989956927
TEST_0188,0.882094225914688
TEST_0189,0.8920154002981715
TEST_0190,0.8198842372960327
TEST_0191,0.8759276912979806
TEST_0192,0.832249377475577
TEST_0193,0.9273043728449527
TEST_0194,0.8038980329738191
TEST_0195,0.8739346556091017
TEST_0196,0.8128312305956411
TEST_0197,0.8592420945480569
TEST_0198,0.8450986241139347
TEST_0199,0.7802808411042162
TEST_0200,0.942648113216219
TEST_0201,0.8983534473187686
TEST_0202,0.814429841123579
TEST_0203,0.8634674835492991
TEST_0204,0.8871639811880039
TEST_0205,0.8198842372960327
TEST_0206,0.8166771337315215
TEST_0207,0.9132887742159121
TEST_0208,0.8231320865264563
TEST_0209,0.7802808411042162
TEST_0210,0.8387420206357712
TEST_0211,0.774642511532207
TEST_0212,0.8126415880612328
TEST_0213,0.9223037155810274
TEST_0214,0.7727131688762632
TEST_0215,0.8195263514949354
TEST_0216,0.889210835496898
TEST_0217,0.8703212463191048
TEST_0218,0.9490889995213241
TEST_0219,0.8986240664737831
TEST_0220,0.8166771337315215
TEST_0221,0.8511714872239843
TEST_0222,0.8702551956623479
TEST_0223,0.7756715864145057
TEST_0224,0.8730138647226127
TEST_0225,0.8813148518942072
TEST_0226,0.846388117990263
TEST_0227,0.9008516290053341
TEST_0228,0.8800555764758454
TEST_0229,0.9123299233140085
TEST_0230,0.848451914841395
TEST_0231,0.9008983835557194
TEST_0232,0.898152120254571
TEST_0233,0.8813148518942072
TEST_0234,0.8709132283950028
TEST_0235,0.7657601643136673
TEST_0236,0.8920154002981715
TEST_0237,0.8282790031271045
TEST_0238,0.9119210480339355
TEST_0239,0.8758400034027728
TEST_0240,0.8450986241139347
TEST_0241,0.8144942929413189
TEST_0242,0.8394998659255589
TEST_0243,0.8912005102711692
TEST_0244,0.8709132283950028
TEST_0245,0.8533612798465288
TEST_0246,0.8492773408497839
TEST_0247,0.8259175799697366
TEST_0248,0.8291341996908319
TEST_0249,0.8737727713580649
TEST_0250,0.8784074383852215
TEST_0251,0.877096503674453
TEST_0252,0.8592420945480569
TEST_0253,0.7802808411042162
TEST_0254,0.90714286934877
TEST_0255,0.8927288717182678
TEST_0256,0.844758902749647
TEST_0257,0.8376947894856617
TEST_0258,0.9279155059533436
TEST_0259,0.8663553609315805
TEST_0260,0.8884497347248284
TEST_0261,0.8563590256865863
TEST_0262,0.8500310002089445
TEST_0263,0.848451914841395
TEST_0264,0.8401751391678848
TEST_0265,0.8907144537823888
TEST_0266,0.8739346556091017
TEST_0267,0.8778700039692826
TEST_0268,0.8198842372960327
TEST_0269,0.8861963843688854
TEST_0270,0.9130961792509125
TEST_0271,0.826559113411478
TEST_0272,0.8441162474040234
TEST_0273,0.8568380664348071
TEST_0274,0.8351934136238426
TEST_0275,0.9222268078318516
TEST_0276,0.8549321747196128
TEST_0277,0.8876275135519858
TEST_0278,0.8976207331244239
TEST_0279,0.8387420206357712
TEST_0280,0.8798172171102394
TEST_0281,0.8299169120716119
TEST_0282,0.9142863866983353
TEST_0283,0.8882897052869606
TEST_0284,0.9028948036806892
TEST_0285,0.8621772583016258
TEST_0286,0.8329137935033953
TEST_0287,0.8450986241139347
TEST_0288,0.8171978937463937
TEST_0289,0.8645241398965419
TEST_0290,0.851776419416053
TEST_0291,0.8631608335412697
TEST_0292,0.9187966294882016
TEST_0293,0.9027532846304507
TEST_0294,0.8949040874958983
TEST_0295,0.878513770484229
TEST_0296,0.8596070247210498
TEST_0297,0.7929755503570005
TEST_0298,0.8636788240742033
TEST_0299,0.9000986291215745
TEST_0300,0.8853489082147501
TEST_0301,0.8122773087353656
TEST_0302,0.8568380664348071
TEST_0303,0.8793212178001769
TEST_0304,0.8728734384557338
TEST_0305,0.9073183235225953
TEST_0306,0.8772653531585926
TEST_0307,0.869237318568504
TEST_0308,0.8073810055822795
TEST_0309,0.8792821417883233
TEST_0310,0.919926841392309
TEST_0311,0.8720096030376121
TEST_0312,0.7851898272776161
TEST_0313,0.8767081843269562
TEST_0314,0.8600778853698654
TEST_0315,0.8305224686756831
TEST_0316,0.8726295623563398
TEST_0317,0.6544254077043581
TEST_0318,0.8738539662503012
TEST_0319,0.8067241212294501
TEST_0320,0.889299028318056
TEST_0321,0.882692470438173
TEST_0322,0.8204234524487013
TEST_0323,0.9432895789126614
TEST_0324,0.864525008210729
TEST_0325,0.8631608335412697
TEST_0326,0.7801450386691802
TEST_0327,0.8673932632411983
TEST_0328,0.9146957241662885
TEST_0329,0.8874301156625435
TEST_0330,0.8986976420007251
TEST_0331,0.8793703351475838
TEST_0332,0.7960014412840735
TEST_0333,0.8189278616059062
TEST_0334,0.8110130103025862
TEST_0335,0.8940800881432405
TEST_0336,0.8839763906515286
TEST_0337,0.8087803412972816
TEST_0338,0.8591441908944619
TEST_0339,0.8905887823736849
TEST_0340,0.8912732565585053
TEST_0341,0.8758833099469974
TEST_0342,0.7952405206347549
TEST_0343,0.8623002460233292
TEST_0344,0.891175117446056
TEST_0345,0.8198842372960327
TEST_0346,0.7938667319504741
TEST_0347,0.8329137935033953
TEST_0348,0.9129145299866401
TEST_0349,0.8073810055822795
TEST_0350,0.885188629663596
TEST_0351,0.9119210480339355
TEST_0352,0.889210835496898
TEST_0353,0.9028948036806892
TEST_0354,0.9278918437309733
TEST_0355,0.803745041317345
TEST_0356,0.8821320164323878
TEST_0357,0.8591108327935382
TEST_0358,0.8760492217851686
TEST_0359,0.8277962754721658
TEST_0360,0.8699475553723276
TEST_0361,0.9170755781655504
TEST_0362,0.8263088333557721
TEST_0363,0.833800415425821
TEST_0364,0.9271168345306298
TEST_0365,0.8910815405355954
TEST_0366,0.9180256829292635
TEST_0367,0.8441171233214741
TEST_0368,0.924487155904326
TEST_0369,0.9300635927301071
TEST_0370,0.8350269661177435
TEST_0371,0.8410538202112158
TEST_0372,0.8621772583016258
TEST_0373,0.9227919213277203
TEST_0374,0.867970132999349
TEST_0375,0.8611494991796
TEST_0376,0.8463375429409141
TEST_0377,0.8387400754389437
TEST_0378,0.8533612798465288
TEST_0379,0.8924202327216721
TEST_0380,0.8919090015147986
TEST_0381,0.8599802007179866
TEST_0382,0.8885141863035583
TEST_0383,0.8387420206357712
TEST_0384,0.8869169629785818
TEST_0385,0.9095784500808721
TEST_0386,0.822572927268095
TEST_0387,0.882692470438173
TEST_0388,0.8766608508514588
TEST_0389,0.8426198086211001
TEST_0390,0.9028948036806892
TEST_0391,0.8398409317437929
TEST_0392,0.8511714872239843
TEST_0393,0.9044742646859826
TEST_0394,0.9256440906870913
TEST_0395,0.762894055271226
TEST_0396,0.9085170147993638
TEST_0397,0.8717221476851593
TEST_0398,0.8965497335977974
TEST_0399,0.8642571657167304
TEST_0400,0.8308821358653329
TEST_0401,0.8769311536381728
TEST_0402,0.8065452920666171
TEST_0403,0.8772653531585926
TEST_0404,0.8287576158052783
TEST_0405,0.8263231088419245
TEST_0406,0.8694596721983414
TEST_0407,0.8610895502515452
TEST_0408,0.8923515736474358
TEST_0409,0.8448044382837222
TEST_0410,0.7932548173373378
TEST_0411,0.8842390478709358
TEST_0412,0.8423804317732525
TEST_0413,0.9250421476928816
TEST_0414,0.9375855380890967
TEST_0415,0.8416809555553316
TEST_0416,0.9290788828751215
TEST_0417,0.8002996547190135
TEST_0418,0.9061692452665712
TEST_0419,0.7194891306126088
TEST_0420,0.9300635927301071
TEST_0421,0.8479780277454049
TEST_0422,0.8355727449800282
TEST_0423,0.9415267490612452
TEST_0424,0.8568380664348071
TEST_0425,0.8314397985180917
TEST_0426,0.8568813353461135
TEST_0427,0.9039324215772122
TEST_0428,0.8198842372960327
TEST_0429,0.8222589363815488
TEST_0430,0.8841688468457132
TEST_0431,0.8726085036461966
TEST_0432,0.8356102821971213
TEST_0433,0.8113608210121463
TEST_0434,0.8646118020565121
TEST_0435,0.8295470749340244
TEST_0436,0.8657699747320665
TEST_0437,0.882692470438173
TEST_0438,0.882094225914688
TEST_0439,0.9533292276274572
TEST_0440,0.8076409794945157
TEST_0441,0.8985895697607955
TEST_0442,0.8767081843269562
TEST_0443,0.828531319575157
TEST_0444,0.8890617130251618
TEST_0445,0.934044436745953
TEST_0446,0.8402021012405989
TEST_0447,0.8599802007179866
TEST_0448,0.9230724131601246
TEST_0449,0.8299433761824306
TEST_0450,0.9171169283031423
TEST_0451,0.8196031168264803
TEST_0452,0.8564959193191265
TEST_0453,0.8841688468457132
TEST_0454,0.842306544107549
TEST_0455,0.9101937324244825
TEST_0456,0.9241401582855825
TEST_0457,0.7801577281647716
TEST_0458,0.945072075066482
TEST_0459,0.8484418005790618
TEST_0460,0.8544081864030013
TEST_0461,0.7986585261622078
TEST_0462,0.8739346556091017
TEST_0463,0.8260365230244902
TEST_0464,0.8908720959658883
TEST_0465,0.9796875476097413
TEST_0466,0.9156407109460805
TEST_0467,0.8763664517732174
TEST_0468,0.8974856442093966
TEST_0469,0.8093265287388005
TEST_0470,0.8098378046390241
TEST_0471,0.900382135474293
TEST_0472,0.856834857083478
TEST_0473,0.9059744954957655
TEST_0474,0.8739346556091017
TEST_0475,0.8665573283277321
TEST_0476,0.8893019092533605
TEST_0477,0.8563590256865863
TEST_0478,0.8570018407857678
TEST_0479,0.7892137331265532
TEST_0480,0.9000986291215745
TEST_0481,0.8813148518942072
TEST_0482,0.8709132283950028
TEST_0483,0.889210835496898
TEST_0484,0.9292271657239153
TEST_0485,0.891464196367588
TEST_0486,0.8951089552032387
TEST_0487,0.9024290725555133
TEST_0488,0.8435418388446503
TEST_0489,0.8792821417883233
TEST_0490,0.8263088333557721
TEST_0491,0.9394446075181693
TEST_0492,0.8233062805022687
TEST_0493,0.8501886299748156
TEST_0494,0.9048766986469479
TEST_0495,0.789300392839443
TEST_0496,0.8167488073158721
TEST_0497,0.8166771337315215
TEST_0498,0.8890104472840561
TEST_0499,0.8120600087761306
TEST_0500,0.9375855380890967
TEST_0501,0.8816336919135837
TEST_0502,0.895904161371976
TEST_0503,0.8716314786744137
TEST_0504,0.8720166973079679
TEST_0505,0.9143828018035445
TEST_0506,0.8685858621754868
TEST_0507,0.9245145114223465
TEST_0508,0.8568182600812976
TEST_0509,0.8638152548785992
TEST_0510,0.7882936038872908
TEST_0511,0.867970132999349
TEST_0512,0.7883755321566519
TEST_0513,0.9152471772295833
TEST_0514,0.8739346556091017
TEST_0515,0.774642511532207
TEST_0516,0.8868254996205707
TEST_0517,0.8086410116127856
TEST_0518,0.8816681420385296
TEST_0519,0.9101444985813784
TEST_0520,0.8786784266153239
TEST_0521,0.8626824761426711
TEST_0522,0.8788909910183407
TEST_0523,0.882094225914688
TEST_0524,0.8800555764758454
TEST_0525,0.8607833022587374
TEST_0526,0.8185738539618277
TEST_0527,0.9435354518045393
TEST_0528,0.8264594952639279
TEST_0529,0.7802808411042162
TEST_0530,0.8961544840968788
TEST_0531,0.7432412128566104
TEST_0532,0.8599802007179866
TEST_0533,0.827777664977862
TEST_0534,0.8883483678374773
TEST_0535,0.9170216026953271
TEST_0536,0.8197300791598928
TEST_0537,0.8985895697607955
TEST_0538,0.831274431245444
TEST_0539,0.8323880909156944
TEST_0540,0.867970132999349
TEST_0541,0.8891254721321775
TEST_0542,0.9237692410647769
TEST_0543,0.9101937324244825
TEST_0544,0.8273996591801134
TEST_0545,0.8832994782838928
TEST_0546,0.846723961842792
TEST_0547,0.8890560377796912
TEST_0548,0.8880852882789946
TEST_0549,0.7600476202194448
TEST_0550,0.8896837425136421
TEST_0551,0.7880005114822638
TEST_0552,0.8448044382837222
TEST_0553,0.9241401582855825
TEST_0554,0.8281317762615357
TEST_0555,0.9259073777698523
TEST_0556,0.7802808411042162
TEST_0557,0.8387420206357712
TEST_0558,0.8730138647226127
TEST_0559,0.8720096030376121
TEST_0560,0.8565017445017084
TEST_0561,0.8280526786722072
TEST_0562,0.848451914841395
TEST_0563,0.8592420945480569
TEST_0564,0.9085516852075646
TEST_0565,0.7801450386691802
TEST_0566,0.7667679215190084
TEST_0567,0.8401572141320803
TEST_0568,0.9325396641201621
TEST_0569,0.889210835496898
TEST_0570,0.8985895697607955
TEST_0571,0.8852085402680294
TEST_0572,0.8731732497942649
TEST_0573,0.8536784979658639
TEST_0574,0.8903472335789347
TEST_0575,0.8801095672954561
TEST_0576,0.8423804317732525
TEST_0577,0.9121609449075175
TEST_0578,0.8703718060428278
TEST_0579,0.8587928168960138
TEST_0580,0.8582866912401658
TEST_0581,0.8329137935033953
TEST_0582,0.833800415425821
TEST_0583,0.8405905779898566
TEST_0584,0.9018131579999374
TEST_0585,0.841526186230499
TEST_0586,0.9056534127825745
TEST_0587,0.8323923002519774
TEST_0588,0.8448044382837222
TEST_0589,0.9406068750217743
TEST_0590,0.8588791913654159
TEST_0591,0.8927242513152537
TEST_0592,0.8675272832740761
TEST_0593,0.8210476649175573
TEST_0594,0.8096502735059936
TEST_0595,0.8448044382837222
TEST_0596,0.8280093643592643
TEST_0597,0.879775289551882
TEST_0598,0.8568380664348071
TEST_0599,0.8953128949260094
TEST_0600,0.876830855167822
TEST_0601,0.8337138476569188
TEST_0602,0.8198842372960327
TEST_0603,0.9279180989575277
TEST_0604,0.8568380664348071
TEST_0605,0.8739748874337435
TEST_0606,0.8300201801029846
TEST_0607,0.874544754098358
TEST_0608,0.854317571203782
TEST_0609,0.9010679800084427
TEST_0610,0.8951089552032387
TEST_0611,0.8351384275565918
TEST_0612,0.8772653531585926
TEST_0613,0.8793212178001769
TEST_0614,0.8800405469248345
TEST_0615,0.8743170932936113
TEST_0616,0.8599802007179866
TEST_0617,0.8709132283950028
TEST_0618,0.8827231171025852
TEST_0619,0.8450986241139347
TEST_0620,0.8238181366777731
TEST_0621,0.9207235848593887
TEST_0622,0.8986240664737831
TEST_0623,0.7468196545119291
TEST_0624,0.8909355626495628
TEST_0625,0.8556081389194047
TEST_0626,0.8110130103025862
TEST_0627,0.87602797780086
TEST_0628,0.9374660059690297
TEST_0629,0.9069312028044806
TEST_0630,0.8119630138659508
TEST_0631,0.8804025411673965
TEST_0632,0.839330624505261
TEST_0633,0.8780795359341262
TEST_0634,0.8927288717182678
TEST_0635,0.8981610919907065
TEST_0636,0.8222730675618939
TEST_0637,0.7715259981303355
TEST_0638,0.8750917743059791
TEST_0639,0.8927025072754339
TEST_0640,0.8879930751071646
TEST_0641,0.8352571928328457
TEST_0642,0.8813148518942072
TEST_0643,0.8288483373358019
TEST_0644,0.8938580055821301
TEST_0645,0.8759083728968153
TEST_0646,0.8592420945480569
TEST_0647,0.8351602176482145
TEST_0648,0.8127053300934194
TEST_0649,0.918579381683565
TEST_0650,0.8568380664348071
TEST_0651,0.8302164610275401
TEST_0652,0.8653266547003671
TEST_0653,0.8016460922096329
TEST_0654,0.83884523851859
TEST_0655,0.8525256693160643
TEST_0656,0.8724367709011184
TEST_0657,0.8511714872239843
TEST_0658,0.8329137935033953
TEST_0659,0.889210835496898
TEST_0660,0.7802808411042162
TEST_0661,0.8690030613530797
TEST_0662,0.8687791161756035
TEST_0663,0.8674591148907851
TEST_0664,0.885223117878494
TEST_0665,0.8718587117007057
TEST_0666,0.8830633652841149
TEST_0667,0.8090929669064201
TEST_0668,0.842306544107549
TEST_0669,0.8230428885031582
TEST_0670,0.8595772336734823
TEST_0671,0.8803371508764155
TEST_0672,0.8143733126648607
TEST_0673,0.8139795828119427
TEST_0674,0.866476692238807
TEST_0675,0.869581336391502
TEST_0676,0.8901912571566274
TEST_0677,0.9031698649271049
TEST_0678,0.8908175798614696
TEST_0679,0.8564959193191265
TEST_0680,0.8007203720511356
TEST_0681,0.8313070593513662
TEST_0682,0.8738554253348721
TEST_0683,0.8277962754721658
TEST_0684,0.827777664977862
TEST_0685,0.8793212178001769
TEST_0686,0.838666408286525
TEST_0687,0.8951625088061601
TEST_0688,0.789747432701793
TEST_0689,0.8553189423873293
TEST_0690,0.8347414533567531
TEST_0691,0.8822083439698508
TEST_0692,0.8501886299748156
TEST_0693,0.7929916284131626
TEST_0694,0.7841585971087947
TEST_0695,0.8450986241139347
TEST_0696,0.8940112300574024
TEST_0697,0.8998734025327617
TEST_0698,0.8620652392140942
TEST_0699,0.8718587117007057
TEST_0700,0.8414876216332465
TEST_0701,0.8449691781194137
TEST_0702,0.9099865937199805
TEST_0703,0.882094225914688
TEST_0704,0.8694421190328866
TEST_0705,0.8895649160299927
TEST_0706,0.8653266547003671
TEST_0707,0.924821335835432
TEST_0708,0.7802808411042162
TEST_0709,0.8568380664348071
TEST_0710,0.7618695759739484
TEST_0711,0.9569463112319174
TEST_0712,0.7993161930270868
TEST_0713,0.8739346556091017
TEST_0714,0.8856796177904522
TEST_0715,0.8448044382837222
TEST_0716,0.9514733585056969
TEST_0717,0.8135991135003737
TEST_0718,0.8936138067241837
TEST_0719,0.9315328202075869
TEST_0720,0.7992874081690498
TEST_0721,0.9018378434085537
TEST_0722,0.8731656270677591
TEST_0723,0.8329137935033953
TEST_0724,0.848451914841395
TEST_0725,0.8243692854110526
TEST_0726,0.8568380664348071
TEST_0727,0.8739346556091017
TEST_0728,0.8398253677067106
TEST_0729,0.8819427505765124
TEST_0730,0.8763664517732174
TEST_0731,0.900309687421242
TEST_0732,0.7663107328604337
TEST_0733,0.9188852858441676
TEST_0734,0.7638961103468935
TEST_0735,0.8892384563610586
TEST_0736,0.9293492281215984
TEST_0737,0.8913349227739586
TEST_0738,0.8239369320264722
TEST_0739,0.8687208931805973
TEST_0740,0.8233062805022687
TEST_0741,0.8950497332019125
TEST_0742,0.8360660515475918
TEST_0743,0.8664928241929489
TEST_0744,0.8938580055821301
TEST_0745,0.9088867391958267
TEST_0746,0.889210835496898
TEST_0747,0.7939280760788676
TEST_0748,0.9018131579999374
TEST_0749,0.8401751391678848
TEST_0750,0.786768266979519
TEST_0751,0.8822083439698508
TEST_0752,0.9006972798774924
TEST_0753,0.8060038750650024
TEST_0754,0.9245145114223465
TEST_0755,0.8450986241139347
TEST_0756,0.8986240664737831
TEST_0757,0.9153855858866267
TEST_0758,0.87602797780086
TEST_0759,0.8449698275982188
TEST_0760,0.7907152333837943
TEST_0761,0.8952303703352098
TEST_0762,0.8680412270263955
TEST_0763,0.8873106383873631
TEST_0764,0.8841688468457132
TEST_0765,0.8772653531585926
TEST_0766,0.9230724131601246
TEST_0767,0.9296885163291585
TEST_0768,0.7741883849048343
TEST_0769,0.8749301278742194
TEST_0770,0.9281993676686016
TEST_0771,0.8763608545177813
TEST_0772,0.9607506492722357
TEST_0773,0.8684270141369204
TEST_0774,0.8363401925336836
TEST_0775,0.8823850972318361
TEST_0776,0.8576653115185313
TEST_0777,0.9073183235225953
TEST_0778,0.9058535445341167
TEST_0779,0.8030925078891156
TEST_0780,0.8277962754721658
TEST_0781,0.9159225060354337
TEST_0782,0.8329137935033953
TEST_0783,0.9057092628698166
TEST_0784,0.8076005626358108
TEST_0785,0.8416809555553316
TEST_0786,0.8450986241139347
TEST_0787,0.8801095672954561
TEST_0788,0.8998693696446534
TEST_0789,0.8507548672954823
TEST_0790,0.9056534127825745
TEST_0791,0.8592420945480569
TEST_0792,0.8813148518942072
TEST_0793,0.9096367321055969
TEST_0794,0.8336425133719888
TEST_0795,0.9231113242548437
TEST_0796,0.882094225914688
TEST_0797,0.7947989352830808
TEST_0798,0.8198842372960327
TEST_0799,0.8958288291020993
TEST_0800,0.8368588640123151
TEST_0801,0.9032260560891305
TEST_0802,0.876724947331013
TEST_0803,0.8748941399965368
TEST_0804,0.913018305589804
TEST_0805,0.8998033431852754
TEST_0806,0.8387400754389437
TEST_0807,0.8216818503936032
TEST_0808,0.9141972985711695
TEST_0809,0.876830855167822
TEST_0810,0.8271034321412687
TEST_0811,0.9020815664705668
TEST_0812,0.7952895334022789
TEST_0813,0.8984613168339418
TEST_0814,0.7857657069952724
TEST_0815,0.8986240664737831
TEST_0816,0.8198842372960327
TEST_0817,0.9191928508444365
TEST_0818,0.9267887578307501
TEST_0819,0.8744895234149244
TEST_0820,0.882692470438173
TEST_0821,0.9241401582855825
TEST_0822,0.9123032729242314
TEST_0823,0.8800405469248345
TEST_0824,0.8955209798173416
TEST_0825,0.9582025726344314
TEST_0826,0.7850567150471401
TEST_0827,0.8535937676903058
TEST_0828,0.9138273516796481
TEST_0829,0.8053230341294708
TEST_0830,0.889210835496898
TEST_0831,0.7251527440285532
TEST_0832,0.8986240664737831
TEST_0833,0.8568380664348071
TEST_0834,0.8877324547073847
TEST_0835,0.9049850428001495
TEST_0836,0.8331923161955058
TEST_0837,0.8840546742860763
TEST_0838,0.9454767535790202
TEST_0839,0.8940943276551601
TEST_0840,0.8577883180002022
TEST_0841,0.8390061818444503
TEST_0842,0.8478203850587671
TEST_0843,0.8575715825654238
TEST_0844,0.7373547694877367
TEST_0845,0.8738539662503012
TEST_0846,0.8531606772177476
TEST_0847,0.924487155904326
TEST_0848,0.7403091066667877
TEST_0849,0.8066950738782315
TEST_0850,0.8747076847220703
TEST_0851,0.8734750753961654
TEST_0852,0.9295001263767444
TEST_0853,0.8501747496190377
TEST_0854,0.8709132283950028
TEST_0855,0.8718587117007057
TEST_0856,0.9170755781655504
TEST_0857,0.8564523860356641
TEST_0858,0.8771638843232158
TEST_0859,0.8603076556523835
TEST_0860,0.8198842372960327
TEST_0861,0.8238181366777731
TEST_0862,0.9345370429456445
TEST_0863,0.8323079088738955
TEST_0864,0.8348489315574579
TEST_0865,0.822572927268095
TEST_0866,0.7802808411042162
TEST_0867,0.8802682465434906
TEST_0868,0.8792821417883233
TEST_0869,0.8874301156625435
TEST_0870,0.8069913407493761
TEST_0871,0.858160508480118
TEST_0872,0.8266825093565351
TEST_0873,0.8597534423264701
TEST_0874,0.8631777560916103
TEST_0875,0.9127546422123505
TEST_0876,0.8722818455496466
TEST_0877,0.8145899040943475
TEST_0878,0.8873458384338377
TEST_0879,0.8242878351713403
TEST_0880,0.9063028985765401
TEST_0881,0.8899682696947842
TEST_0882,0.8900943380674534
TEST_0883,0.7938667319504741
TEST_0884,0.8806554121905887
TEST_0885,0.8346803834940004
TEST_0886,0.8448044382837222
TEST_0887,0.8314963543221409
TEST_0888,0.8428181491591829
TEST_0889,0.8356102821971213
TEST_0890,0.868804986382713
TEST_0891,0.8827231171025852
TEST_0892,0.8610895502515452
TEST_0893,0.8840546742860763
TEST_0894,0.8460788109302375
TEST_0895,0.7513829440940287
TEST_0896,0.8568511033749334
TEST_0897,0.7802808411042162
TEST_0898,0.9207235848593887
TEST_0899,0.8592420945480569
TEST_0900,0.7665620231041488
TEST_0901,0.8998348883921718
TEST_0902,0.7657601643136673
TEST_0903,0.8731656270677591
TEST_0904,0.8096994077990262
TEST_0905,0.832249377475577
TEST_0906,0.8012832627424183
TEST_0907,0.8739346556091017
TEST_0908,0.918083080557671
TEST_0909,0.8596522027402244
TEST_0910,0.8750363295164603
TEST_0911,0.9186680121763879
TEST_0912,0.8439012458131885
TEST_0913,0.8474003235283756
TEST_0914,0.7867669057919059
TEST_0915,0.8329137935033953
TEST_0916,0.8938580055821301
TEST_0917,0.9336900692305684
TEST_0918,0.8568380664348071
TEST_0919,0.8355473986529677
TEST_0920,0.8167620580285411
TEST_0921,0.8858835439497321
TEST_0922,0.8329137935033953
TEST_0923,0.8622715747611646
TEST_0924,0.8408824023468675
TEST_0925,0.8740752895948695
TEST_0926,0.8585163507951233
TEST_0927,0.889210835496898
TEST_0928,0.9284458369500261
TEST_0929,0.8924149604911152
TEST_0930,0.8673450710583955
TEST_0931,0.8767722904386556
TEST_0932,0.8496241015892203
TEST_0933,0.8919090015147986
TEST_0934,0.8926122610402434
TEST_0935,0.8173118513134379
TEST_0936,0.9138033500278333
TEST_0937,0.8465511829436019
TEST_0938,0.8922104769969521
TEST_0939,0.9380123522757933
TEST_0940,0.8851680013958214
TEST_0941,0.7963227433415977
TEST_0942,0.8336955522314645
TEST_0943,0.8840546742860763
TEST_0944,0.9073183235225953
TEST_0945,0.833578398726791
TEST_0946,0.8877963334429888
TEST_0947,0.8329137935033953
TEST_0948,0.8238181366777731
TEST_0949,0.8594516436299935
TEST_0950,0.8461527157078429
TEST_0951,0.8188882750317356
TEST_0952,0.9200210045522368
TEST_0953,0.8329137935033953
TEST_0954,0.8802002240628648
TEST_0955,0.8363401925336836
TEST_0956,0.8436816485234824
TEST_0957,0.8792821417883233
TEST_0958,0.8238181366777731
TEST_0959,0.862175480776741
TEST_0960,0.870212926651998
TEST_0961,0.8908239175124977
TEST_0962,0.8372863833707892
TEST_0963,0.8039553419738695
TEST_0964,0.8869169629785818
TEST_0965,0.8861210229967285
TEST_0966,0.8426126161700296
TEST_0967,0.9230724131601246
TEST_0968,0.8862355200533478
TEST_0969,0.8479780277454049
TEST_0970,0.8263088333557721
TEST_0971,0.8501747496190377
TEST_0972,0.8119030917329244
TEST_0973,0.9363034510848152
TEST_0974,0.8718587117007057
TEST_0975,0.8568380664348071
TEST_0976,0.8199829717548681
TEST_0977,0.8742395551714747
TEST_0978,0.8496142451783257
TEST_0979,0.929565946073914
TEST_0980,0.8170048046554149
TEST_0981,0.9279180989575277
TEST_0982,0.848451914841395
TEST_0983,0.9003825602312308
TEST_0984,0.8652891610296619
TEST_0985,0.8409494359266766
TEST_0986,0.8687208931805973
TEST_0987,0.9185261938294025
TEST_0988,0.8252412588885965
TEST_0989,0.9156300547504472
TEST_0990,0.9276288699104873
TEST_0991,0.9313706201334232
TEST_0992,0.7663107328604337
TEST_0993,0.8507548672954823
TEST_0994,0.8306885962733055
TEST_0995,0.8757533560635833
TEST_0996,0.9153718830683555
TEST_0997,0.868804986382713
TEST_0998,0.8757604574385986
TEST_0999,0.924487155904326
TEST_1000,0.810024214647248
TEST_1001,0.8568380664348071
TEST_1002,0.8950497332019125
TEST_1003,0.8639336329345515
TEST_1004,0.8858835439497321
TEST_1005,0.8360281606400993
TEST_1006,0.9038085001284961
TEST_1007,0.8368588640123151
TEST_1008,0.9267040420798893
TEST_1009,0.8822083439698508
TEST_1010,0.8244622346543258
TEST_1011,0.8391387454003378
TEST_1012,0.8803715508871891
TEST_1013,0.8739346556091017
TEST_1014,0.8450986241139347
TEST_1015,0.8718587117007057
TEST_1016,0.8646071085256287
TEST_1017,0.8718587117007057
TEST_1018,0.918958939442392
TEST_1019,0.8812153709365125
TEST_1020,0.8414748184839369
TEST_1021,0.924487155904326
TEST_1022,0.7952895334022789
TEST_1023,0.8198842372960327
TEST_1024,0.9010700553644954
TEST_1025,0.8753460985421129
TEST_1026,0.911129601042304
TEST_1027,0.8659542627685997
TEST_1028,0.9315904939812076
TEST_1029,0.8738223766942247
TEST_1030,0.8851355887403669
TEST_1031,0.8992588947431
TEST_1032,0.889299028318056
TEST_1033,0.8273996591801134
TEST_1034,0.8821320164323878
TEST_1035,0.8682117904161123
TEST_1036,0.9000213888498063
TEST_1037,0.8164100305626755
TEST_1038,0.8210977294269667
TEST_1039,0.8198842372960327
TEST_1040,0.8953670369047617
TEST_1041,0.8927025072754339
TEST_1042,0.8915471262094607
TEST_1043,0.8263088333557721
TEST_1044,0.889210835496898
TEST_1045,0.8885141863035583
TEST_1046,0.8927288717182678
TEST_1047,0.8198842372960327
TEST_1048,0.8540220387815238
TEST_1049,0.8690213002480589
TEST_1050,0.8268406874590406
TEST_1051,0.9078138984993502
TEST_1052,0.8772653531585926
TEST_1053,0.8746417762087579
TEST_1054,0.8805784222014137
TEST_1055,0.8575557831881193
TEST_1056,0.9018131579999374
TEST_1057,0.877752038279458
TEST_1058,0.8197300791598928
TEST_1059,0.7618695759739484
TEST_1060,0.8790619811869673
TEST_1061,0.8758393803413964
TEST_1062,0.7999119211590293
TEST_1063,0.8355920693838679
TEST_1064,0.8299433761824306
TEST_1065,0.9037944986386184
TEST_1066,0.9119833140904078
TEST_1067,0.9366772783962996
TEST_1068,0.8126415880612328
TEST_1069,0.8071345108179058
TEST_1070,0.8899761336808055
TEST_1071,0.8579452031598223
TEST_1072,0.889210835496898
TEST_1073,0.882094225914688
TEST_1074,0.8467717947782103
TEST_1075,0.79220989536767
TEST_1076,0.8709132283950028
TEST_1077,0.8618987861080162
TEST_1078,0.885223117878494
TEST_1079,0.8327725264460573
TEST_1080,0.8233062805022687
TEST_1081,0.902262276393393
TEST_1082,0.9059312365236609
TEST_1083,0.8493231302571309
TEST_1084,0.8464168112208232
TEST_1085,0.8919090015147986
TEST_1086,0.9024747951325998
TEST_1087,0.891175117446056
TEST_1088,0.9527206851949481
TEST_1089,0.8198842372960327
TEST_1090,0.795333539678251
TEST_1091,0.8263088333557721
TEST_1092,0.8695780302888683
TEST_1093,0.9061027428125975
TEST_1094,0.8463417138192638
TEST_1095,0.7993161930270868
TEST_1096,0.8758113534863079
TEST_1097,0.8865947011403892
TEST_1098,0.906868713642526
TEST_1099,0.9401538290409914
TEST_1100,0.9313706201334232
TEST_1101,0.9201603106047545
TEST_1102,0.897783755778262
TEST_1103,0.8342780362627358
TEST_1104,0.8401835270934503
TEST_1105,0.9180805589269068
TEST_1106,0.8603076556523835
TEST_1107,0.8624562252844616
TEST_1108,0.7271402576781467
TEST_1109,0.7602999656230154
TEST_1110,0.8547924060656771
TEST_1111,0.826978683875637
TEST_1112,0.9203384042265691
TEST_1113,0.9209523338071529
TEST_1114,0.8727269765865497
TEST_1115,0.9194099395145828
TEST_1116,0.8604385697863504
TEST_1117,0.8959677626952653
TEST_1118,0.9419518413177033
TEST_1119,0.8242878351713403
TEST_1120,0.853136458707059
TEST_1121,0.9073183235225953
TEST_1122,0.9405108394796313
TEST_1123,0.8507548672954823
TEST_1124,0.8525256693160643
TEST_1125,0.8019414137713345
TEST_1126,0.9227919213277203
TEST_1127,0.848451914841395
TEST_1128,0.8645642888676914
TEST_1129,0.8113608210121463
TEST_1130,0.7801450386691802
TEST_1131,0.9011697105509258
TEST_1132,0.7867669057919059
TEST_1133,0.922984847342938
TEST_1134,0.8313836686303688
TEST_1135,0.8470563636237985
TEST_1136,0.8045550070396663
TEST_1137,0.8757865303231376
TEST_1138,0.847411907879541
TEST_1139,0.8718587117007057
TEST_1140,0.8260255098162264
TEST_1141,0.8621772583016258
TEST_1142,0.8739346556091017
TEST_1143,0.8430040136156425
TEST_1144,0.8414223431937219
TEST_1145,0.9000193501816269
TEST_1146,0.8161180086551343
TEST_1147,0.8770918068482676
TEST_1148,0.8525256693160643
TEST_1149,0.832249377475577
TEST_1150,0.8166771337315215
TEST_1151,0.8435689866880423
TEST_1152,0.8739346556091017
TEST_1153,0.8733999495610529
TEST_1154,0.8839763906515286
TEST_1155,0.8238181366777731
TEST_1156,0.9265298479603434
TEST_1157,0.8986240664737831
TEST_1158,0.9217208365138911
TEST_1159,0.8525256693160643
TEST_1160,0.9182388216450454
TEST_1161,0.8073810055822795
TEST_1162,0.8718587117007057
TEST_1163,0.8732855210084339
TEST_1164,0.86628183896612
TEST_1165,0.8187899891260793
TEST_1166,0.8387420206357712
TEST_1167,0.8222730675618939
TEST_1168,0.9000986291215745
TEST_1169,0.811708923326915
TEST_1170,0.8930404134027062
TEST_1171,0.8792821417883233
TEST_1172,0.907516654570188
TEST_1173,0.8433503009692724
TEST_1174,0.882094225914688
TEST_1175,0.8238181366777731
TEST_1176,0.8813148518942072
TEST_1177,0.9001971972359752
TEST_1178,0.8734750753961654
TEST_1179,0.8800405469248345
TEST_1180,0.8348343788864506
TEST_1181,0.9168357902802567
TEST_1182,0.9654004785340182
TEST_1183,0.8073810055822795
TEST_1184,0.8792821417883233
TEST_1185,0.758310917151401
TEST_1186,0.8779475267574458
TEST_1187,0.7867669057919059
TEST_1188,0.8660239200992875
TEST_1189,0.9238807983601303
TEST_1190,0.835151693835357
TEST_1191,0.8639164541936475
TEST_1192,0.9018071799421271
TEST_1193,0.8734750753961654
TEST_1194,0.9058544831193127
TEST_1195,0.8223508371870779
TEST_1196,0.9193539973938816
TEST_1197,0.8946928885317728
TEST_1198,0.8820811591785944
TEST_1199,0.7622332963114957
TEST_1200,0.88042702773647
TEST_1201,0.906236798788361
TEST_1202,0.8717210815722019
TEST_1203,0.9214682696801402
TEST_1204,0.8782590686932775
TEST_1205,0.9084993525086881
TEST_1206,0.8438003229465105
TEST_1207,0.891175117446056
TEST_1208,0.8329137935033953
TEST_1209,0.8861963843688854
TEST_1210,0.8583759420417687
TEST_1211,0.8822083439698508
TEST_1212,0.9011697105509258
TEST_1213,0.8118467004050687
TEST_1214,0.8374069525046306
TEST_1215,0.8735847716009987
TEST_1216,0.8939282254793608
TEST_1217,0.8918361682039028
TEST_1218,0.9496276841027809
TEST_1219,0.8149960081179715
TEST_1220,0.9367534481655708
TEST_1221,0.793472150445978
TEST_1222,0.8610171926283383
TEST_1223,0.868804986382713
TEST_1224,0.8363401925336836
TEST_1225,0.8729723643355471
TEST_1226,0.8772653531585926
TEST_1227,0.9259073777698523
TEST_1228,0.9473310084977171
TEST_1229,0.883962057904035
TEST_1230,0.9072040730332043
TEST_1231,0.8695654448102215
TEST_1232,0.868804986382713
TEST_1233,0.8768697890394148
TEST_1234,0.9228745999952881
TEST_1235,0.8015078279291163
TEST_1236,0.8073810055822795
TEST_1237,0.8331652894934117
TEST_1238,0.8838506031426557
TEST_1239,0.819783682351872
TEST_1240,0.9140051694128203
TEST_1241,0.8012010338994549
TEST_1242,0.889210835496898
TEST_1243,0.8303954198529649
TEST_1244,0.7802808411042162
TEST_1245,0.8543260090009097
TEST_1246,0.8567871918767466
TEST_1247,0.848451914841395
TEST_1248,0.8329137935033953
TEST_1249,0.9153280631664904
TEST_1250,0.8038531628652161
TEST_1251,0.9063252369009422
TEST_1252,0.8575557831881193
TEST_1253,0.7690345480170917
TEST_1254,0.8752792405526715
TEST_1255,0.8513394857268686
TEST_1256,0.8860356291350362
TEST_1257,0.8683644958544604
TEST_1258,0.875912311101887
TEST_1259,0.924487155904326
TEST_1260,0.7802808411042162
TEST_1261,0.931251352543937
TEST_1262,0.8436560533154513
TEST_1263,0.8879555066399047
TEST_1264,0.8813148518942072
TEST_1265,0.8852989801665518
TEST_1266,0.907744486501973
TEST_1267,0.8260365230244902
TEST_1268,0.8004617084727594
TEST_1269,0.8909823118329501
TEST_1270,0.8621772583016258
TEST_1271,0.7594322677752926
TEST_1272,0.8397866018658705
TEST_1273,0.8873106383873631
TEST_1274,0.8564932852152055
TEST_1275,0.7912918078415508
TEST_1276,0.914713727290828
TEST_1277,0.8866542570192427
TEST_1278,0.82638999437375
TEST_1279,0.8618134495743947
TEST_1280,0.8238181366777731
TEST_1281,0.8793212178001769
TEST_1282,0.8545227136659153
TEST_1283,0.8637277959092229
TEST_1284,0.8087968617811866
TEST_1285,0.8804242758132763
TEST_1286,0.8382020075990684
TEST_1287,0.8246197671030389
TEST_1288,0.8734750753961654
TEST_1289,0.8329137935033953
TEST_1290,0.7882040379715706
TEST_1291,0.8905569983390974
TEST_1292,0.8504801368936377
TEST_1293,0.8772893139697633
TEST_1294,0.7614249202800973
TEST_1295,0.8718587117007057
TEST_1296,0.8957127646682486
TEST_1297,0.8047323973109775
TEST_1298,0.8139795828119427
TEST_1299,0.9219275761796908
TEST_1300,0.9079085571576133
TEST_1301,0.8363401925336836
TEST_1302,0.8436560533154513
TEST_1303,0.8858702233619756
TEST_1304,0.8616836793324135
TEST_1305,0.9027944185896808
TEST_1306,0.8629357858467628
TEST_1307,0.9321527230811646
TEST_1308,0.8739346556091017
TEST_1309,0.8238181366777731
TEST_1310,0.8908720959658883
TEST_1311,0.8422182115968532
TEST_1312,0.8810773912684845
TEST_1313,0.8937575732695713
TEST_1314,0.8301847475356923
TEST_1315,0.9171571651880464
TEST_1316,0.9017022555805045
TEST_1317,0.8768477433461879
TEST_1318,0.8282790031271045
TEST_1319,0.8130413406027361
TEST_1320,0.8989174316561956
TEST_1321,0.8363401925336836
TEST_1322,0.8368588640123151
TEST_1323,0.7789119963444298
TEST_1324,0.8584797556526931
TEST_1325,0.877132647310542
TEST_1326,0.8567307402405067
TEST_1327,0.8239433301471566
TEST_1328,0.8772574036945306
TEST_1329,0.854596164102223
TEST_1330,0.8387400754389437
TEST_1331,0.848451914841395
TEST_1332,0.8325117638653979
TEST_1333,0.8444346399880405
TEST_1334,0.8450986241139347
TEST_1335,0.9007972389761763
TEST_1336,0.828227643356628
TEST_1337,0.9531838015741743
TEST_1338,0.7338916746203358
TEST_1339,0.8238996783999839
TEST_1340,0.9238797426252048
TEST_1341,0.8709132283950028
TEST_1342,0.8567871918767466
TEST_1343,0.891175117446056
TEST_1344,0.8858467003680799
TEST_1345,0.9073183235225953
TEST_1346,0.8653400934001244
TEST_1347,0.8842598597615183
TEST_1348,0.9161594267897376
TEST_1349,0.9283830483826717
TEST_1350,0.8179488921741849
TEST_1351,0.9039728489826542
TEST_1352,0.8331603504214873
TEST_1353,0.8363401925336836
TEST_1354,0.8590580021322394
TEST_1355,0.8505625331736871
TEST_1356,0.8533487643775173
TEST_1357,0.7772029045854679
TEST_1358,0.9670525546348958
TEST_1359,0.8329137935033953
TEST_1360,0.9427117287674021
TEST_1361,0.8861963843688854
TEST_1362,0.83884523851859
TEST_1363,0.9158518744875332
TEST_1364,0.8394764364434677
TEST_1365,0.8092133071470304
TEST_1366,0.8055967863052982
TEST_1367,0.8921994142673241
TEST_1368,0.8803406932809026
TEST_1369,0.8223114178883928
TEST_1370,0.8975842656416808
TEST_1371,0.8310204977435933
TEST_1372,0.8775164374223078
TEST_1373,0.9110879420447346
TEST_1374,0.9168653747550388
TEST_1375,0.9240873926899599
TEST_1376,0.8327419563820493
TEST_1377,0.9048683242488833
TEST_1378,0.8265481629296163
TEST_1379,0.8972187550532074
TEST_1380,0.825627259274538
TEST_1381,0.787853879753514
TEST_1382,0.8968075827758075
TEST_1383,0.8702120031114691
TEST_1384,0.9014575301500628
TEST_1385,0.8441863658507507
TEST_1386,0.8337138476569188
TEST_1387,0.8555260184840876
TEST_1388,0.8337138476569188
TEST_1389,0.839291063300738
TEST_1390,0.865029338622185
TEST_1391,0.8596642156250126
TEST_1392,0.894151939554967
TEST_1393,0.8763313555166319
TEST_1394,0.8669189626411282
TEST_1395,0.8416809555553316
TEST_1396,0.8673377366849412
TEST_1397,0.8244434568159712
TEST_1398,0.8096502735059936
TEST_1399,0.8806554121905887
TEST_1400,0.8110130103025862
TEST_1401,0.9242923296456982
TEST_1402,0.8957424026213567
TEST_1403,0.8436560533154513
TEST_1404,0.8938936833631098
TEST_1405,0.9313706201334232
TEST_1406,0.867970132999349
TEST_1407,0.8733232601369523
TEST_1408,0.8713779396450103
TEST_1409,0.81732855557848
TEST_1410,0.9133161717603371
TEST_1411,0.8210787901462467
TEST_1412,0.9493720140946742
TEST_1413,0.8398421671454436
TEST_1414,0.8525256693160643
TEST_1415,0.9188978458744981
TEST_1416,0.8593852867182796
TEST_1417,0.7884428998414853
TEST_1418,0.8266221266199674
TEST_1419,0.8197300791598928
TEST_1420,0.8440437528495746
TEST_1421,0.8387420206357712
TEST_1422,0.8610153951067165
TEST_1423,0.8927288717182678
TEST_1424,0.7866932564919435
TEST_1425,0.8653150190173395
TEST_1426,0.8803865520197125
TEST_1427,0.9031698649271049
TEST_1428,0.8621772583016258
TEST_1429,0.8724265243092801
TEST_1430,0.9276288699104873
TEST_1431,0.8674928996929813
TEST_1432,0.9291503261901639
TEST_1433,0.8448044382837222
TEST_1434,0.7938069844538628
TEST_1435,0.9092302756680795
TEST_1436,0.8928700524215778
TEST_1437,0.9123303761739314
TEST_1438,0.8502621450823302
TEST_1439,0.8646832402279485
TEST_1440,0.9031726457856137
TEST_1441,0.8841688468457132
TEST_1442,0.87602797780086
TEST_1443,0.8709132283950028
TEST_1444,0.8908720959658883
TEST_1445,0.8718587117007057
TEST_1446,0.7074419883184793
TEST_1447,0.9073183235225953
TEST_1448,0.8957127646682486
TEST_1449,0.8907896692455001
TEST_1450,0.8822083439698508
TEST_1451,0.8568834641032866
TEST_1452,0.8056163722478684
TEST_1453,0.8985895697607955
TEST_1454,0.9313706201334232
TEST_1455,0.8899761336808055
TEST_1456,0.9170755781655504
TEST_1457,0.9546574291097552
TEST_1458,0.798784631753509
TEST_1459,0.8937336854532072
TEST_1460,0.8507852523003722
TEST_1461,0.8623502754856668
TEST_1462,0.8806528224287388
TEST_1463,0.9019708810492467
TEST_1464,0.9003825602312308
TEST_1465,0.8376630028079423
TEST_1466,0.8835917147936844
TEST_1467,0.8790651028442034
TEST_1468,0.8592420945480569
TEST_1469,0.8109834969110781
TEST_1470,0.8204234524487013
TEST_1471,0.8507548672954823
TEST_1472,0.885223117878494
TEST_1473,0.8698497768347283
TEST_1474,0.864797774591519
TEST_1475,0.9153062992893088
TEST_1476,0.8669322103077561
TEST_1477,0.8664533986798275
TEST_1478,0.8210977294269667
TEST_1479,0.8455599980426846
TEST_1480,0.8717064264102989
TEST_1481,0.8895238915286331
TEST_1482,0.7768347379561436
TEST_1483,0.9208655636990363
TEST_1484,0.8385974078056044
TEST_1485,0.9268642969729428
TEST_1486,0.8561482138547772
TEST_1487,0.8780727418931517
TEST_1488,0.8720096030376121
TEST_1489,0.8568380664348071
TEST_1490,0.8476102265958998
TEST_1491,0.831274431245444
TEST_1492,0.9651496002887945
TEST_1493,0.7930457808369007
TEST_1494,0.8007868263933899
TEST_1495,0.8815165610933695
TEST_1496,0.8833932350484169
TEST_1497,0.828227643356628
TEST_1498,0.7880005114822638
TEST_1499,0.786768266979519
TEST_1500,0.9258309326489094
TEST_1501,0.8709132283950028
TEST_1502,0.9259123586890899
TEST_1503,0.7802808411042162
TEST_1504,0.8592420945480569
TEST_1505,0.8415387219968529
TEST_1506,0.9241401582855825
TEST_1507,0.8333727472396082
TEST_1508,0.8073810055822795
TEST_1509,0.84609417307257
TEST_1510,0.8850759423561563
TEST_1511,0.8811045447026853
TEST_1512,0.7028460105786243
TEST_1513,0.8606173889989691
TEST_1514,0.8800650806739252
TEST_1515,0.8157853828769644
TEST_1516,0.8852085402680294
TEST_1517,0.8325413014981435
TEST_1518,0.8938580055821301
TEST_1519,0.8841688468457132
TEST_1520,0.8238181366777731
TEST_1521,0.9223748366160474
TEST_1522,0.8983891710446728
TEST_1523,0.9018378434085537
TEST_1524,0.8563590256865863
TEST_1525,0.8757127940551233
TEST_1526,0.7713745880291121
TEST_1527,0.9017924526118353
TEST_1528,0.8718587117007057
TEST_1529,0.789747432701793
TEST_1530,0.8540220387815238
TEST_1531,0.8238181366777731
TEST_1532,0.8799386166262837
TEST_1533,0.887531051146982
TEST_1534,0.9001971972359752
TEST_1535,0.9230724131601246
TEST_1536,0.8484418005790618
TEST_1537,0.8444462794756081
TEST_1538,0.8789394741979137
TEST_1539,0.8709132283950028
TEST_1540,0.8739346556091017
TEST_1541,0.8589779463166137
TEST_1542,0.8373604053817032
TEST_1543,0.9420630613330281
TEST_1544,0.889210835496898
TEST_1545,0.882692470438173
TEST_1546,0.8333563070089889
TEST_1547,0.9017041171434533
TEST_1548,0.8263088333557721
TEST_1549,0.937827597081378
TEST_1550,0.8054884249019236
TEST_1551,0.9073183235225953
TEST_1552,0.8450986241139347
TEST_1553,0.8186054307712632
TEST_1554,0.8348859585514872
TEST_1555,0.8329137935033953
TEST_1556,0.8098472875802655
TEST_1557,0.8905037655866208
TEST_1558,0.7939280760788676
TEST_1559,0.869581336391502
TEST_1560,0.8708079827842903
TEST_1561,0.9117466543510624
TEST_1562,0.8994431058440402
TEST_1563,0.9354762117022852
TEST_1564,0.8582234409696626
TEST_1565,0.8265068624515528
TEST_1566,0.8739346556091017
TEST_1567,0.8145706737251628
TEST_1568,0.8620652392140942
TEST_1569,0.8757865303231376
TEST_1570,0.8788041608955632
TEST_1571,0.8882854415407447
TEST_1572,0.8780475546243598
TEST_1573,0.8263088333557721
TEST_1574,0.8248719721051612
TEST_1575,0.8253465366494469
TEST_1576,0.8392629759831264
TEST_1577,0.7993161930270868
TEST_1578,0.941496015202181
TEST_1579,0.8329137935033953
TEST_1580,0.8664928241929489
TEST_1581,0.874264816916337
TEST_1582,0.894151939554967
TEST_1583,0.8558215375972491
TEST_1584,0.889210835496898
TEST_1585,0.8585761789338274
TEST_1586,0.8803250314253136
TEST_1587,0.9028948036806892
TEST_1588,0.8356102821971213
TEST_1589,0.8298011711042638
TEST_1590,0.8873702142207096
TEST_1591,0.9003825602312308
TEST_1592,0.8238181366777731
TEST_1593,0.7489470228335431
TEST_1594,0.9488409774822936
TEST_1595,0.8021050473422904
TEST_1596,0.8429591532981345
TEST_1597,0.8792821417883233
TEST_1598,0.8890540067778079
TEST_1599,0.9000986291215745
TEST_1600,0.831274431245444
TEST_1601,0.8750363295164603
TEST_1602,0.872389062304584
TEST_1603,0.8739346556091017
TEST_1604,0.8930697459816939
TEST_1605,0.8873106383873631
TEST_1606,0.8516882866251606
TEST_1607,0.8533487643775173
TEST_1608,0.9103890027437594
TEST_1609,0.8678888628962345
TEST_1610,0.8639336329345515
TEST_1611,0.9160986127313
TEST_1612,0.8448044382837222
TEST_1613,0.8542711695599845
TEST_1614,0.8717210815722019
TEST_1615,0.7947427427939597
TEST_1616,0.7852240082666835
TEST_1617,0.8520082180044739
TEST_1618,0.9038085001284961
TEST_1619,0.8007868263933899
TEST_1620,0.8718587117007057
TEST_1621,0.8621772583016258
TEST_1622,0.899960271673758
TEST_1623,0.8496241015892203
TEST_1624,0.8734750753961654
TEST_1625,0.9165034557177558
TEST_1626,0.8728482709007455
TEST_1627,0.8526934932788075
TEST_1628,0.8468497824027723
TEST_1629,0.8290299694682821
TEST_1630,0.8734750753961654
TEST_1631,0.8646071085256287
TEST_1632,0.9073183235225953
TEST_1633,0.8325413014981435
TEST_1634,0.8756684625863261
TEST_1635,0.9300635927301071
TEST_1636,0.8387420206357712
TEST_1637,0.8540800989169073
TEST_1638,0.8280093643592643
TEST_1639,0.8587710417875367
TEST_1640,0.9278126699589914
TEST_1641,0.9008516290053341
TEST_1642,0.8106619779296177
TEST_1643,0.8401751391678848
TEST_1644,0.8157993505346437
TEST_1645,0.8363401925336836
TEST_1646,0.9225803311352407
TEST_1647,0.8356102821971213
TEST_1648,0.8792821417883233
TEST_1649,0.8066551372685768
TEST_1650,0.9031788118677578
TEST_1651,0.886674388041739
TEST_1652,0.8719484391704496
TEST_1653,0.8379052695588193
TEST_1654,0.8985895697607955
TEST_1655,0.8671530282058418
TEST_1656,0.8135426122071181
TEST_1657,0.8387420206357712
TEST_1658,0.9085688801927319
TEST_1659,0.8204234524487013
TEST_1660,0.8552437523271015
TEST_1661,0.8546354429876571
TEST_1662,0.924487155904326
TEST_1663,0.8423958007220504
TEST_1664,0.9313706201334232
TEST_1665,0.8388388435266081
TEST_1666,0.8927025072754339
TEST_1667,0.8383262953147722
TEST_1668,0.8401835270934503
TEST_1669,0.9313706201334232
TEST_1670,0.8325907518562655
TEST_1671,0.8772653531585926
TEST_1672,0.8811939947388172
TEST_1673,0.9079589485263471
TEST_1674,0.9270277999207279
TEST_1675,0.8255386402160605
TEST_1676,0.8238181366777731
TEST_1677,0.8738554253348721
TEST_1678,0.7832853627982874
TEST_1679,0.9192517441153427
TEST_1680,0.926646666608304
TEST_1681,0.8820123011144381
TEST_1682,0.8363401925336836
TEST_1683,0.9093540603780468
TEST_1684,0.7663107328604337
TEST_1685,0.8920154002981715
TEST_1686,0.874544754098358
TEST_1687,0.8322169247920455
TEST_1688,0.8747076847220703
TEST_1689,0.8076409794945157
TEST_1690,0.8750363295164603
TEST_1691,0.8747866336294595
TEST_1692,0.8270521376785872
TEST_1693,0.8348489315574579
TEST_1694,0.8850789473727194
TEST_1695,0.8496578997916926
TEST_1696,0.9240821336734621
TEST_1697,0.8450986241139347
TEST_1698,0.828227643356628
TEST_1699,0.8927288717182678
TEST_1700,0.8891581906577058
TEST_1701,0.864525008210729
TEST_1702,0.877132647310542
TEST_1703,0.8876275135519858
TEST_1704,0.8840546742860763
TEST_1705,0.8930347845311117
TEST_1706,0.8813148518942072
TEST_1707,0.8238181366777731
TEST_1708,0.9073829297600698
TEST_1709,0.8936192983728597
TEST_1710,0.8873106383873631
TEST_1711,0.9069726145205482
TEST_1712,0.9260895078742641
TEST_1713,0.9279557571525116
TEST_1714,0.8329137935033953
TEST_1715,0.8739748874337435
TEST_1716,0.8238181366777731
TEST_1717,0.8204234524487013
TEST_1718,0.7802808411042162
TEST_1719,0.8713317180330233
TEST_1720,0.9018131579999374
TEST_1721,0.8554701742068167
TEST_1722,0.8985895697607955
TEST_1723,0.7695800092192101
TEST_1724,0.8621671516617169
TEST_1725,0.9073183235225953
TEST_1726,0.8461494282488629
TEST_1727,0.8824697772319092
TEST_1728,0.8750517799056765
TEST_1729,0.8568380664348071
TEST_1730,0.8450986241139347
TEST_1731,0.8360301323840398
TEST_1732,0.9409827999498972
TEST_1733,0.7939280760788676
TEST_1734,0.9000772579530898
TEST_1735,0.9319433028607573
TEST_1736,0.7828390940565388
TEST_1737,0.7791606207836868
TEST_1738,0.7928066457045475
TEST_1739,0.8965737670715896
TEST_1740,0.9072101254325098
TEST_1741,0.8800405469248345
TEST_1742,0.8450986241139347
TEST_1743,0.8586012871805704
TEST_1744,0.8772893139697633
TEST_1745,0.8760423516986631
TEST_1746,0.8564959193191265
TEST_1747,0.8713331263163344
TEST_1748,0.9375204720101729
TEST_1749,0.8793212178001769
TEST_1750,0.8825352151545975
TEST_1751,0.8886732858052717
TEST_1752,0.8800555764758454
TEST_1753,0.9011697105509258
TEST_1754,0.8985976388941839
TEST_1755,0.7620975271497092
TEST_1756,0.8171978937463937
TEST_1757,0.9095814521463726
TEST_1758,0.8793212178001769
TEST_1759,0.8885141863035583
TEST_1760,0.8363401925336836
TEST_1761,0.8568380664348071
TEST_1762,0.8871033081959026
TEST_1763,0.838373188038734
TEST_1764,0.8720096030376121
TEST_1765,0.8106619779296177
TEST_1766,0.8720096030376121
TEST_1767,0.939833300814317
TEST_1768,0.9038071114853072
TEST_1769,0.8355465159484486
TEST_1770,0.8924202327216721
TEST_1771,0.8323923002519774
TEST_1772,0.8619609045492905
TEST_1773,0.9035559800936499
TEST_1774,0.9487406117916549
TEST_1775,0.889210835496898
TEST_1776,0.774642511532207
TEST_1777,0.8348633222300309
TEST_1778,0.9200210045522368
TEST_1779,0.8622715747611646
TEST_1780,0.8568380664348071
TEST_1781,0.8328583993463263
TEST_1782,0.8692637955668234
TEST_1783,0.865349075817814
TEST_1784,0.8387420206357712
TEST_1785,0.8813148518942072
TEST_1786,0.8849119667941262
TEST_1787,0.8329137935033953
TEST_1788,0.8387420206357712
TEST_1789,0.8761557159563402
TEST_1790,0.8231320865264563
TEST_1791,0.8873106383873631
TEST_1792,0.870463378531819
TEST_1793,0.8185738539618277
TEST_1794,0.889299028318056
TEST_1795,0.8565428070579953
TEST_1796,0.9213513027003095
TEST_1797,0.831274431245444
TEST_1798,0.861490113069775
TEST_1799,0.81620767167407
TEST_1800,0.8763664517732174
TEST_1801,0.8507548672954823
TEST_1802,0.8952329233900915
TEST_1803,0.8963644450256116
TEST_1804,0.9034221278086201
TEST_1805,0.8597643584321295
TEST_1806,0.8930347845311117
TEST_1807,0.8363401925336836
TEST_1808,0.8718587117007057
TEST_1809,0.7857657069952724
TEST_1810,0.9115125122938749
TEST_1811,0.8553189423873293
TEST_1812,0.8265885324965981
TEST_1813,0.8153724066775203
TEST_1814,0.9255151385017674
TEST_1815,0.7543366988267233
TEST_1816,0.8873106383873631
TEST_1817,0.8993101568353177
TEST_1818,0.8738949849955999
TEST_1819,0.8938580055821301
TEST_1820,0.8985895697607955
TEST_1821,0.8190067259383697
TEST_1822,0.9195348339534414
TEST_1823,0.9207235848593887
TEST_1824,0.8492817853587317
TEST_1825,0.8511714872239843
TEST_1826,0.9289738845770386
TEST_1827,0.835622212535333
TEST_1828,0.8298011711042638
TEST_1829,0.8356527577360229
TEST_1830,0.8767068926148109
TEST_1831,0.8114157563013639
TEST_1832,0.849134183117873
TEST_1833,0.8329137935033953
TEST_1834,0.9018131579999374
TEST_1835,0.8822083439698508
TEST_1836,0.908666381819672
TEST_1837,0.8985895697607955
TEST_1838,0.8445736390686995
TEST_1839,0.8238181366777731
TEST_1840,0.8230428885031582
TEST_1841,0.8450986241139347
TEST_1842,0.8263891635115609
TEST_1843,0.8416434957892144
TEST_1844,0.8126415880612328
TEST_1845,0.8311028297653855
TEST_1846,0.8811045447026853
TEST_1847,0.8698254350537902
TEST_1848,0.837814370072729
TEST_1849,0.8550960063953393
TEST_1850,0.8792821417883233
TEST_1851,0.8750363295164603
TEST_1852,0.8924202327216721
TEST_1853,0.8198842372960327
TEST_1854,0.8238181366777731
TEST_1855,0.7939280760788676
TEST_1856,0.8314280894513137
TEST_1857,0.9303103731159401
TEST_1858,0.7968441861512789
TEST_1859,0.8931138254628784
TEST_1860,0.8909453491490268
TEST_1861,0.8873458384338377
TEST_1862,0.917969725894942
TEST_1863,0.883962057904035
TEST_1864,0.9034244943797972
TEST_1865,0.8257754924373915
TEST_1866,0.8793212178001769
TEST_1867,0.7796000890883645
TEST_1868,0.8387420206357712
TEST_1869,0.831274431245444
TEST_1870,0.8702539340955815
TEST_1871,0.8466682582516123
TEST_1872,0.8418078753946917
TEST_1873,0.8239044378997361
TEST_1874,0.848451914841395
TEST_1875,0.86097354260575
TEST_1876,0.9239843584116576
TEST_1877,0.8739346556091017
TEST_1878,0.8210787901462467
TEST_1879,0.8867528770267008
TEST_1880,0.8542710805892847
TEST_1881,0.8648923809549243
TEST_1882,0.867970132999349
TEST_1883,0.929614800113001
TEST_1884,0.8444521694696059
TEST_1885,0.8285896497967516
TEST_1886,0.8257754924373915
TEST_1887,0.8999695375646812
TEST_1888,0.885223117878494
TEST_1889,0.8171978937463937
TEST_1890,0.879159546347157
TEST_1891,0.8610895502515452
TEST_1892,0.8316344332643131
TEST_1893,0.8747866336294595
TEST_1894,0.8925479125865718
TEST_1895,0.7611687003896295
TEST_1896,0.8644578460229874
TEST_1897,0.8788510707923984
TEST_1898,0.8140055984836811
TEST_1899,0.913018305589804
TEST_1900,0.8604179880437612
TEST_1901,0.8564959193191265
TEST_1902,0.8806528224287388
TEST_1903,0.889210835496898
TEST_1904,0.8545227136659153
TEST_1905,0.8803182466205544
TEST_1906,0.8792821417883233
TEST_1907,0.8731656270677591
TEST_1908,0.7857657069952724
TEST_1909,0.8349949256454675
TEST_1910,0.8459356644734122
TEST_1911,0.9304428188946796
TEST_1912,0.8350421160619744
TEST_1913,0.9254110705146904
TEST_1914,0.8710041973316036
TEST_1915,0.9002019056895963
TEST_1916,0.8807360175903872
TEST_1917,0.8964214942265485
TEST_1918,0.9245059244932542
TEST_1919,0.8734270904000198
TEST_1920,0.8852085402680294
TEST_1921,0.8089009878988884
TEST_1922,0.8303954198529649
TEST_1923,0.8593116214047134
TEST_1924,0.8500709839737042
TEST_1925,0.9278126699589914
TEST_1926,0.8210977294269667
TEST_1927,0.7867669057919059
TEST_1928,0.9313706201334232
TEST_1929,0.8568380664348071
TEST_1930,0.8723469513701387
TEST_1931,0.8601617879514467
TEST_1932,0.882885674199076
TEST_1933,0.8780795359341262
TEST_1934,0.8551736020836211
TEST_1935,0.8616105614273435
TEST_1936,0.8653400934001244
TEST_1937,0.8470208191185797
TEST_1938,0.882094225914688
TEST_1939,0.9345439006490669
TEST_1940,0.874264816916337
TEST_1941,0.8841688468457132
TEST_1942,0.8329137935033953
TEST_1943,0.8571237415591092
TEST_1944,0.8813148518942072
TEST_1945,0.868804986382713
TEST_1946,0.8664928241929489
TEST_1947,0.889210835496898
TEST_1948,0.9056979033253691
TEST_1949,0.8677381237399836
TEST_1950,0.8532595752165268
TEST_1951,0.889210835496898
TEST_1952,0.8418044547733472
TEST_1953,0.8348489315574579
TEST_1954,0.8419625828931513
TEST_1955,0.9050827534931267
TEST_1956,0.8682067713967482
TEST_1957,0.8546868999302079
TEST_1958,0.8426771160032471
TEST_1959,0.867970132999349
TEST_1960,0.8329137935033953
TEST_1961,0.8481398220458638
TEST_1962,0.8198842372960327
TEST_1963,0.8873106383873631
TEST_1964,0.8448044382837222
TEST_1965,0.8198842372960327
TEST_1966,0.8844919217973048
TEST_1967,0.8927288717182678
TEST_1968,0.9460563350207267
TEST_1969,0.7647822912906426
TEST_1970,0.8601842293524269
TEST_1971,0.8625546927387747
TEST_1972,0.9038071114853072
TEST_1973,0.9045910010692559
TEST_1974,0.894151939554967
TEST_1975,0.7363950274108279
TEST_1976,0.8035377300513037
TEST_1977,0.8561423564376671
TEST_1978,0.8463745016201394
TEST_1979,0.9277004468897998
TEST_1980,0.8938396710534307
TEST_1981,0.8844919217973048
TEST_1982,0.8630326192576819
TEST_1983,0.838876617536447
TEST_1984,0.9199572411808554
TEST_1985,0.8739346556091017
TEST_1986,0.868804986382713
TEST_1987,0.8919722699414736
TEST_1988,0.8113608210121463
TEST_1989,0.77303396178916
TEST_1990,0.8781631812155892
TEST_1991,0.8559178964856482
TEST_1992,0.9086133027038916
TEST_1993,0.9462165977196976
TEST_1994,0.8653266547003671
TEST_1995,0.905549149922797
TEST_1996,0.8908720959658883
TEST_1997,0.9073183235225953
TEST_1998,0.9170755781655504
TEST_1999,0.8120600087761306
TEST_2000,0.848472154386263
TEST_2001,0.8610895502515452
TEST_2002,0.7791917082344338
TEST_2003,0.8448044382837222
TEST_2004,0.8677435399212386
TEST_2005,0.8274182890149278
TEST_2006,0.8862592614268525
TEST_2007,0.885939663286714
TEST_2008,0.8646071085256287
TEST_2009,0.8170048046554149
TEST_2010,0.9195443967186542
TEST_2011,0.867970132999349
TEST_2012,0.8329137935033953
TEST_2013,0.9001971972359752
TEST_2014,0.8753460985421129
TEST_2015,0.8891582407938612
TEST_2016,0.8604385697863504
TEST_2017,0.8228317049298971
TEST_2018,0.8919090015147986
TEST_2019,0.8250455603452845
TEST_2020,0.7663107328604337
TEST_2021,0.8630173027817503
TEST_2022,0.918579381683565
TEST_2023,0.869581336391502
TEST_2024,0.7663107328604337
TEST_2025,0.8732855210084339
TEST_2026,0.9313706201334232
TEST_2027,0.7844623557724841
TEST_2028,0.8792821417883233
TEST_2029,0.8416809555553316
TEST_2030,0.8690346327107913
TEST_2031,0.8463926811379762
TEST_2032,0.8888287160825936
TEST_2033,0.7810799665552013
TEST_2034,0.8997989419257706
TEST_2035,0.9124367848697075
TEST_2036,0.8479143417078532
TEST_2037,0.769920750092574
TEST_2038,0.9365005529130238
TEST_2039,0.8198842372960327
TEST_2040,0.8437022306223803
TEST_2041,0.9014703093861755
TEST_2042,0.9207235848593887
TEST_2043,0.8359282382126918
TEST_2044,0.7413958014573645
TEST_2045,0.7602999656230154
TEST_2046,0.9234300059441565
TEST_2047,0.8210336729285678
TEST_2048,0.8568380664348071
TEST_2049,0.7741883849048343
TEST_2050,0.9133796665479837
TEST_2051,0.9207235848593887
TEST_2052,0.8539108650288747
TEST_2053,0.8792821417883233
TEST_2054,0.8019269825847501
TEST_2055,0.8331652894934117
TEST_2056,0.8329137935033953
TEST_2057,0.8867656547232521
TEST_2058,0.8709132283950028
TEST_2059,0.8768477433461879
TEST_2060,0.8572600481482434
TEST_2061,0.8145899040943475
